Last_used_start	Last_used_stop	Access	Capability	Binary_full_path	FileID	ProgramID	UserSID	ID
N.A.	2025-04-15 18:34:14	Blocked	location	C:\Program Files (x86)\Microsoft\Edge\Application\msedge.exe	0000a7a5dd7b711f1aa2cdfd27a9bb237117bb16872c	0000d44ffb9f3c146e6da82376ed56489aff0000ffff	S-1-5-21-2937787367-2771787762-275716747-1001	29104
N.A.	2025-04-15 18:34:14	Blocked	location	C:\Program Files (x86)\Microsoft\Edge\Application\msedge.exe	0000a7a5dd7b711f1aa2cdfd27a9bb237117bb16872c	0000d44ffb9f3c146e6da82376ed56489aff0000ffff	S-1-5-21-2937787367-2771787762-275716747-1001	29105
N.A.	2025-04-15 18:34:14	Blocked	location	C:\Program Files (x86)\Microsoft\Edge\Application\msedge.exe	0000a7a5dd7b711f1aa2cdfd27a9bb237117bb16872c	0000d44ffb9f3c146e6da82376ed56489aff0000ffff	S-1-5-21-2937787367-2771787762-275716747-1001	29106
N.A.	2025-04-15 18:34:14	Blocked	location	C:\Program Files (x86)\Microsoft\Edge\Application\msedge.exe	0000a7a5dd7b711f1aa2cdfd27a9bb237117bb16872c	0000d44ffb9f3c146e6da82376ed56489aff0000ffff	S-1-5-21-2937787367-2771787762-275716747-1001	29107
N.A.	2025-04-15 18:34:14	Blocked	location	C:\Program Files (x86)\Microsoft\Edge\Application\msedge.exe	0000a7a5dd7b711f1aa2cdfd27a9bb237117bb16872c	0000d44ffb9f3c146e6da82376ed56489aff0000ffff	S-1-5-21-2937787367-2771787762-275716747-1001	29108
N.A.	2025-04-15 18:34:17	Blocked	location	C:\Program Files (x86)\Microsoft\Edge\Application\msedge.exe	0000a7a5dd7b711f1aa2cdfd27a9bb237117bb16872c	0000d44ffb9f3c146e6da82376ed56489aff0000ffff	S-1-5-21-2937787367-2771787762-275716747-1001	29109
N.A.	2025-04-15 18:34:50	Blocked	location	C:\Program Files (x86)\Microsoft\Edge\Application\msedge.exe	0000a7a5dd7b711f1aa2cdfd27a9bb237117bb16872c	0000d44ffb9f3c146e6da82376ed56489aff0000ffff	S-1-5-21-2937787367-2771787762-275716747-1001	29110
N.A.	2025-04-15 18:35:01	Blocked	location	C:\Program Files (x86)\Microsoft\Edge\Application\msedge.exe	0000a7a5dd7b711f1aa2cdfd27a9bb237117bb16872c	0000d44ffb9f3c146e6da82376ed56489aff0000ffff	S-1-5-21-2937787367-2771787762-275716747-1001	29111
N.A.	2025-04-15 19:21:31	Blocked	location	C:\Program Files (x86)\Microsoft\Edge\Application\msedge.exe	0000a7a5dd7b711f1aa2cdfd27a9bb237117bb16872c	0000d44ffb9f3c146e6da82376ed56489aff0000ffff	S-1-5-21-2937787367-2771787762-275716747-1001	29112
N.A.	2025-04-16 17:04:49	Blocked	location	C:\Program Files (x86)\Microsoft\Edge\Application\msedge.exe	0000a7a5dd7b711f1aa2cdfd27a9bb237117bb16872c	0000d44ffb9f3c146e6da82376ed56489aff0000ffff	S-1-5-21-2937787367-2771787762-275716747-1001	29113
N.A.	2025-04-16 17:04:49	Blocked	location	C:\Program Files (x86)\Microsoft\Edge\Application\msedge.exe	0000a7a5dd7b711f1aa2cdfd27a9bb237117bb16872c	0000d44ffb9f3c146e6da82376ed56489aff0000ffff	S-1-5-21-2937787367-2771787762-275716747-1001	29114
N.A.	2025-04-16 17:04:49	Blocked	location	C:\Program Files (x86)\Microsoft\Edge\Application\msedge.exe	0000a7a5dd7b711f1aa2cdfd27a9bb237117bb16872c	0000d44ffb9f3c146e6da82376ed56489aff0000ffff	S-1-5-21-2937787367-2771787762-275716747-1001	29115
N.A.	2025-04-16 17:04:49	Blocked	location	C:\Program Files (x86)\Microsoft\Edge\Application\msedge.exe	0000a7a5dd7b711f1aa2cdfd27a9bb237117bb16872c	0000d44ffb9f3c146e6da82376ed56489aff0000ffff	S-1-5-21-2937787367-2771787762-275716747-1001	29116
N.A.	2025-04-16 17:04:49	Blocked	location	C:\Program Files (x86)\Microsoft\Edge\Application\msedge.exe	0000a7a5dd7b711f1aa2cdfd27a9bb237117bb16872c	0000d44ffb9f3c146e6da82376ed56489aff0000ffff	S-1-5-21-2937787367-2771787762-275716747-1001	29117
N.A.	2025-04-16 17:23:38	Blocked	location	C:\Program Files (x86)\Microsoft\Edge\Application\msedge.exe	0000a7a5dd7b711f1aa2cdfd27a9bb237117bb16872c	0000d44ffb9f3c146e6da82376ed56489aff0000ffff	S-1-5-21-2937787367-2771787762-275716747-1001	29118
N.A.	2025-04-16 17:23:38	Blocked	location	C:\Program Files (x86)\Microsoft\Edge\Application\msedge.exe	0000a7a5dd7b711f1aa2cdfd27a9bb237117bb16872c	0000d44ffb9f3c146e6da82376ed56489aff0000ffff	S-1-5-21-2937787367-2771787762-275716747-1001	29119
N.A.	2025-04-16 17:23:38	Blocked	location	C:\Program Files (x86)\Microsoft\Edge\Application\msedge.exe	0000a7a5dd7b711f1aa2cdfd27a9bb237117bb16872c	0000d44ffb9f3c146e6da82376ed56489aff0000ffff	S-1-5-21-2937787367-2771787762-275716747-1001	29120
N.A.	2025-04-16 17:23:38	Blocked	location	C:\Program Files (x86)\Microsoft\Edge\Application\msedge.exe	0000a7a5dd7b711f1aa2cdfd27a9bb237117bb16872c	0000d44ffb9f3c146e6da82376ed56489aff0000ffff	S-1-5-21-2937787367-2771787762-275716747-1001	29121
N.A.	2025-04-16 17:23:38	Blocked	location	C:\Program Files (x86)\Microsoft\Edge\Application\msedge.exe	0000a7a5dd7b711f1aa2cdfd27a9bb237117bb16872c	0000d44ffb9f3c146e6da82376ed56489aff0000ffff	S-1-5-21-2937787367-2771787762-275716747-1001	29122
N.A.	2025-04-16 17:23:43	Blocked	location	C:\Program Files (x86)\Microsoft\Edge\Application\msedge.exe	0000a7a5dd7b711f1aa2cdfd27a9bb237117bb16872c	0000d44ffb9f3c146e6da82376ed56489aff0000ffff	S-1-5-21-2937787367-2771787762-275716747-1001	29123
N.A.	2025-04-16 17:24:00	Blocked	location	C:\Program Files (x86)\Microsoft\Edge\Application\msedge.exe	0000a7a5dd7b711f1aa2cdfd27a9bb237117bb16872c	0000d44ffb9f3c146e6da82376ed56489aff0000ffff	S-1-5-21-2937787367-2771787762-275716747-1001	29124
N.A.	2025-04-16 17:24:02	Blocked	location	C:\Program Files (x86)\Microsoft\Edge\Application\msedge.exe	0000a7a5dd7b711f1aa2cdfd27a9bb237117bb16872c	0000d44ffb9f3c146e6da82376ed56489aff0000ffff	S-1-5-21-2937787367-2771787762-275716747-1001	29125
N.A.	2025-04-16 17:24:30	Blocked	location	C:\Program Files (x86)\Microsoft\Edge\Application\msedge.exe	0000a7a5dd7b711f1aa2cdfd27a9bb237117bb16872c	0000d44ffb9f3c146e6da82376ed56489aff0000ffff	S-1-5-21-2937787367-2771787762-275716747-1001	29126
N.A.	2025-04-16 17:24:32	Blocked	location	C:\Program Files (x86)\Microsoft\Edge\Application\msedge.exe	0000a7a5dd7b711f1aa2cdfd27a9bb237117bb16872c	0000d44ffb9f3c146e6da82376ed56489aff0000ffff	S-1-5-21-2937787367-2771787762-275716747-1001	29127
N.A.	2025-04-16 17:24:59	Blocked	location	C:\Program Files (x86)\Microsoft\Edge\Application\msedge.exe	0000a7a5dd7b711f1aa2cdfd27a9bb237117bb16872c	0000d44ffb9f3c146e6da82376ed56489aff0000ffff	S-1-5-21-2937787367-2771787762-275716747-1001	29128
N.A.	2025-04-16 17:25:00	Blocked	location	C:\Program Files (x86)\Microsoft\Edge\Application\msedge.exe	0000a7a5dd7b711f1aa2cdfd27a9bb237117bb16872c	0000d44ffb9f3c146e6da82376ed56489aff0000ffff	S-1-5-21-2937787367-2771787762-275716747-1001	29129
N.A.	2025-04-16 17:25:40	Blocked	location	C:\Program Files (x86)\Microsoft\Edge\Application\msedge.exe	0000a7a5dd7b711f1aa2cdfd27a9bb237117bb16872c	0000d44ffb9f3c146e6da82376ed56489aff0000ffff	S-1-5-21-2937787367-2771787762-275716747-1001	29130
N.A.	2025-04-16 17:25:42	Blocked	location	C:\Program Files (x86)\Microsoft\Edge\Application\msedge.exe	0000a7a5dd7b711f1aa2cdfd27a9bb237117bb16872c	0000d44ffb9f3c146e6da82376ed56489aff0000ffff	S-1-5-21-2937787367-2771787762-275716747-1001	29131
N.A.	2025-04-16 17:25:56	Blocked	location	C:\Program Files (x86)\Microsoft\Edge\Application\msedge.exe	0000a7a5dd7b711f1aa2cdfd27a9bb237117bb16872c	0000d44ffb9f3c146e6da82376ed56489aff0000ffff	S-1-5-21-2937787367-2771787762-275716747-1001	29132
N.A.	2025-04-16 17:26:24	Blocked	location	C:\Program Files (x86)\Microsoft\Edge\Application\msedge.exe	0000a7a5dd7b711f1aa2cdfd27a9bb237117bb16872c	0000d44ffb9f3c146e6da82376ed56489aff0000ffff	S-1-5-21-2937787367-2771787762-275716747-1001	29133
N.A.	2025-04-16 17:26:26	Blocked	location	C:\Program Files (x86)\Microsoft\Edge\Application\msedge.exe	0000a7a5dd7b711f1aa2cdfd27a9bb237117bb16872c	0000d44ffb9f3c146e6da82376ed56489aff0000ffff	S-1-5-21-2937787367-2771787762-275716747-1001	29134
N.A.	2025-04-16 17:26:41	Blocked	location	C:\Program Files (x86)\Microsoft\Edge\Application\msedge.exe	0000a7a5dd7b711f1aa2cdfd27a9bb237117bb16872c	0000d44ffb9f3c146e6da82376ed56489aff0000ffff	S-1-5-21-2937787367-2771787762-275716747-1001	29135
N.A.	2025-04-16 17:27:16	Blocked	location	C:\Program Files (x86)\Microsoft\Edge\Application\msedge.exe	0000a7a5dd7b711f1aa2cdfd27a9bb237117bb16872c	0000d44ffb9f3c146e6da82376ed56489aff0000ffff	S-1-5-21-2937787367-2771787762-275716747-1001	29136
N.A.	2025-04-16 17:27:16	Blocked	location	C:\Program Files (x86)\Microsoft\Edge\Application\msedge.exe	0000a7a5dd7b711f1aa2cdfd27a9bb237117bb16872c	0000d44ffb9f3c146e6da82376ed56489aff0000ffff	S-1-5-21-2937787367-2771787762-275716747-1001	29137
N.A.	2025-04-16 17:27:44	Blocked	location	C:\Program Files (x86)\Microsoft\Edge\Application\msedge.exe	0000a7a5dd7b711f1aa2cdfd27a9bb237117bb16872c	0000d44ffb9f3c146e6da82376ed56489aff0000ffff	S-1-5-21-2937787367-2771787762-275716747-1001	29138
N.A.	2025-04-16 17:27:44	Blocked	location	C:\Program Files (x86)\Microsoft\Edge\Application\msedge.exe	0000a7a5dd7b711f1aa2cdfd27a9bb237117bb16872c	0000d44ffb9f3c146e6da82376ed56489aff0000ffff	S-1-5-21-2937787367-2771787762-275716747-1001	29139
N.A.	2025-04-16 17:29:50	Blocked	location	C:\Program Files (x86)\Microsoft\Edge\Application\msedge.exe	0000a7a5dd7b711f1aa2cdfd27a9bb237117bb16872c	0000d44ffb9f3c146e6da82376ed56489aff0000ffff	S-1-5-21-2937787367-2771787762-275716747-1001	29140
N.A.	2025-04-16 17:49:17	Blocked	location	C:\Program Files (x86)\Microsoft\Edge\Application\msedge.exe	0000a7a5dd7b711f1aa2cdfd27a9bb237117bb16872c	0000d44ffb9f3c146e6da82376ed56489aff0000ffff	S-1-5-21-2937787367-2771787762-275716747-1001	29141
N.A.	2025-04-16 17:49:17	Blocked	location	C:\Program Files (x86)\Microsoft\Edge\Application\msedge.exe	0000a7a5dd7b711f1aa2cdfd27a9bb237117bb16872c	0000d44ffb9f3c146e6da82376ed56489aff0000ffff	S-1-5-21-2937787367-2771787762-275716747-1001	29142
N.A.	2025-04-16 17:49:17	Blocked	location	C:\Program Files (x86)\Microsoft\Edge\Application\msedge.exe	0000a7a5dd7b711f1aa2cdfd27a9bb237117bb16872c	0000d44ffb9f3c146e6da82376ed56489aff0000ffff	S-1-5-21-2937787367-2771787762-275716747-1001	29143
N.A.	2025-04-16 17:49:17	Blocked	location	C:\Program Files (x86)\Microsoft\Edge\Application\msedge.exe	0000a7a5dd7b711f1aa2cdfd27a9bb237117bb16872c	0000d44ffb9f3c146e6da82376ed56489aff0000ffff	S-1-5-21-2937787367-2771787762-275716747-1001	29144
N.A.	2025-04-16 17:49:17	Blocked	location	C:\Program Files (x86)\Microsoft\Edge\Application\msedge.exe	0000a7a5dd7b711f1aa2cdfd27a9bb237117bb16872c	0000d44ffb9f3c146e6da82376ed56489aff0000ffff	S-1-5-21-2937787367-2771787762-275716747-1001	29145
N.A.	2025-04-16 18:59:46	Blocked	location	C:\Program Files (x86)\Microsoft\Edge\Application\msedge.exe	0000a7a5dd7b711f1aa2cdfd27a9bb237117bb16872c	0000d44ffb9f3c146e6da82376ed56489aff0000ffff	S-1-5-21-2937787367-2771787762-275716747-1001	29146
N.A.	2025-04-16 20:48:16	Blocked	location	C:\Program Files (x86)\Microsoft\Edge\Application\msedge.exe	0000a7a5dd7b711f1aa2cdfd27a9bb237117bb16872c	0000d44ffb9f3c146e6da82376ed56489aff0000ffff	S-1-5-21-2937787367-2771787762-275716747-1001	29147
N.A.	2025-04-18 00:24:25	Blocked	location	C:\Program Files\BraveSoftware\Brave-Browser\Application\brave.exe	000084380949f84944945ba50dfd9b809a59ad68ffcb	00007bd6c7b4061ac362fc14e33e3f15ea060000ffff	S-1-5-21-2937787367-2771787762-275716747-1001	29148
N.A.	2025-04-18 00:24:27	Blocked	location	C:\Program Files\BraveSoftware\Brave-Browser\Application\brave.exe	000084380949f84944945ba50dfd9b809a59ad68ffcb	00007bd6c7b4061ac362fc14e33e3f15ea060000ffff	S-1-5-21-2937787367-2771787762-275716747-1001	29149
N.A.	2025-04-18 00:24:47	Blocked	location	C:\Program Files\BraveSoftware\Brave-Browser\Application\brave.exe	000084380949f84944945ba50dfd9b809a59ad68ffcb	00007bd6c7b4061ac362fc14e33e3f15ea060000ffff	S-1-5-21-2937787367-2771787762-275716747-1001	29150
N.A.	2025-04-18 00:25:18	Blocked	location	C:\Program Files\BraveSoftware\Brave-Browser\Application\brave.exe	000084380949f84944945ba50dfd9b809a59ad68ffcb	00007bd6c7b4061ac362fc14e33e3f15ea060000ffff	S-1-5-21-2937787367-2771787762-275716747-1001	29151
N.A.	2025-04-18 00:26:28	Blocked	location	C:\Program Files\BraveSoftware\Brave-Browser\Application\brave.exe	000084380949f84944945ba50dfd9b809a59ad68ffcb	00007bd6c7b4061ac362fc14e33e3f15ea060000ffff	S-1-5-21-2937787367-2771787762-275716747-1001	29152
N.A.	2025-04-18 00:27:10	Blocked	location	C:\Program Files\BraveSoftware\Brave-Browser\Application\brave.exe	000084380949f84944945ba50dfd9b809a59ad68ffcb	00007bd6c7b4061ac362fc14e33e3f15ea060000ffff	S-1-5-21-2937787367-2771787762-275716747-1001	29153
N.A.	2025-04-18 00:28:21	Blocked	location	C:\Program Files\BraveSoftware\Brave-Browser\Application\brave.exe	000084380949f84944945ba50dfd9b809a59ad68ffcb	00007bd6c7b4061ac362fc14e33e3f15ea060000ffff	S-1-5-21-2937787367-2771787762-275716747-1001	29154
N.A.	2025-04-18 00:29:10	Blocked	location	C:\Program Files\BraveSoftware\Brave-Browser\Application\brave.exe	000084380949f84944945ba50dfd9b809a59ad68ffcb	00007bd6c7b4061ac362fc14e33e3f15ea060000ffff	S-1-5-21-2937787367-2771787762-275716747-1001	29155
N.A.	2025-04-18 00:30:22	Blocked	location	C:\Program Files\BraveSoftware\Brave-Browser\Application\brave.exe	000084380949f84944945ba50dfd9b809a59ad68ffcb	00007bd6c7b4061ac362fc14e33e3f15ea060000ffff	S-1-5-21-2937787367-2771787762-275716747-1001	29156
N.A.	2025-04-21 15:27:18	Blocked	location	C:\Program Files\Microsoft Office\root\Office16\WINWORD.EXE	0000047c34a005e11c4b15f526c159d76ac03e79f6ce	0000cfbf8e3d57807f696dba6642c18484900000ffff	S-1-5-21-2937787367-2771787762-275716747-1001	29157
N.A.	2025-04-21 18:58:32	Blocked	location	C:\Program Files\Microsoft Office\root\Office16\POWERPNT.EXE	0000245d0ca8c4d2675d7701e5c773db170c7e859ddc	0000cfbf8e3d57807f696dba6642c18484900000ffff	S-1-5-21-2937787367-2771787762-275716747-1001	29158
N.A.	2025-04-21 21:36:03	Blocked	location	C:\Program Files\Microsoft Office\root\Office16\POWERPNT.EXE	0000245d0ca8c4d2675d7701e5c773db170c7e859ddc	0000cfbf8e3d57807f696dba6642c18484900000ffff	S-1-5-21-2937787367-2771787762-275716747-1001	29159
N.A.	2025-04-23 02:16:25	Blocked	location	C:\Program Files\Microsoft Office\root\Office16\POWERPNT.EXE	0000245d0ca8c4d2675d7701e5c773db170c7e859ddc	0000cfbf8e3d57807f696dba6642c18484900000ffff	S-1-5-21-2937787367-2771787762-275716747-1001	29160
N.A.	2025-04-23 14:10:09	Blocked	location	C:\Program Files\Microsoft Office\root\Office16\POWERPNT.EXE	0000245d0ca8c4d2675d7701e5c773db170c7e859ddc	0000cfbf8e3d57807f696dba6642c18484900000ffff	S-1-5-21-2937787367-2771787762-275716747-1001	29161
N.A.	2025-04-23 14:10:22	Blocked	location	C:\Program Files\Microsoft Office\root\Office16\WINWORD.EXE	0000047c34a005e11c4b15f526c159d76ac03e79f6ce	0000cfbf8e3d57807f696dba6642c18484900000ffff	S-1-5-21-2937787367-2771787762-275716747-1001	29162
N.A.	2025-04-23 16:47:54	Blocked	location	C:\Program Files\Microsoft Office\root\Office16\POWERPNT.EXE	0000245d0ca8c4d2675d7701e5c773db170c7e859ddc	0000cfbf8e3d57807f696dba6642c18484900000ffff	S-1-5-21-2937787367-2771787762-275716747-1001	29163
N.A.	2025-04-23 16:48:05	Blocked	location	C:\Program Files\Microsoft Office\root\Office16\WINWORD.EXE	0000047c34a005e11c4b15f526c159d76ac03e79f6ce	0000cfbf8e3d57807f696dba6642c18484900000ffff	S-1-5-21-2937787367-2771787762-275716747-1001	29164
N.A.	2025-04-23 19:25:32	Blocked	location	C:\Program Files\Microsoft Office\root\Office16\POWERPNT.EXE	0000245d0ca8c4d2675d7701e5c773db170c7e859ddc	0000cfbf8e3d57807f696dba6642c18484900000ffff	S-1-5-21-2937787367-2771787762-275716747-1001	29165
N.A.	2025-04-23 19:25:37	Blocked	location	C:\Program Files\Microsoft Office\root\Office16\WINWORD.EXE	0000047c34a005e11c4b15f526c159d76ac03e79f6ce	0000cfbf8e3d57807f696dba6642c18484900000ffff	S-1-5-21-2937787367-2771787762-275716747-1001	29166
N.A.	2025-04-24 01:35:22	Blocked	location	C:\Program Files\Microsoft Office\root\Office16\WINWORD.EXE	0000047c34a005e11c4b15f526c159d76ac03e79f6ce	0000cfbf8e3d57807f696dba6642c18484900000ffff	S-1-5-21-2937787367-2771787762-275716747-1001	29167
N.A.	2025-04-24 01:35:23	Blocked	location	C:\Program Files\Microsoft Office\root\Office16\POWERPNT.EXE	0000245d0ca8c4d2675d7701e5c773db170c7e859ddc	0000cfbf8e3d57807f696dba6642c18484900000ffff	S-1-5-21-2937787367-2771787762-275716747-1001	29168
N.A.	2025-04-24 14:47:02	Blocked	location	C:\Program Files\Microsoft Office\root\Office16\WINWORD.EXE	0000047c34a005e11c4b15f526c159d76ac03e79f6ce	0000cfbf8e3d57807f696dba6642c18484900000ffff	S-1-5-21-2937787367-2771787762-275716747-1001	29169
N.A.	2025-04-24 14:47:12	Blocked	location	C:\Program Files\Microsoft Office\root\Office16\POWERPNT.EXE	0000245d0ca8c4d2675d7701e5c773db170c7e859ddc	0000cfbf8e3d57807f696dba6642c18484900000ffff	S-1-5-21-2937787367-2771787762-275716747-1001	29170
2025-04-24 17:02:26	2025-04-24 17:02:40	Access OK	webcam	C:\Users\user\AppData\Roaming\Zoom\bin\Zoom.exe	00001298b3e395ae23eb9ad92c935d51c3e3cbd056c4	0000cd8f026e933663ded6cfa0ed45dba65f0000ffff	S-1-5-21-2937787367-2771787762-275716747-1001	29173
N.A.	2025-04-24 17:24:46	Blocked	location	C:\Program Files\Microsoft Office\root\Office16\POWERPNT.EXE	0000245d0ca8c4d2675d7701e5c773db170c7e859ddc	0000cfbf8e3d57807f696dba6642c18484900000ffff	S-1-5-21-2937787367-2771787762-275716747-1001	29174
N.A.	2025-04-25 00:51:43	Blocked	location	C:\Program Files\Microsoft Office\root\Office16\POWERPNT.EXE	0000245d0ca8c4d2675d7701e5c773db170c7e859ddc	0000cfbf8e3d57807f696dba6642c18484900000ffff	S-1-5-21-2937787367-2771787762-275716747-1001	29175
N.A.	2025-04-27 21:39:54	Blocked	location	C:\Program Files (x86)\Microsoft\Edge\Application\msedge.exe	0000f0028865f35deca1f19255d31190ba52e47e128d	00007933ca44ca1fb8a49a40e9f865595cb40000ffff	S-1-5-21-2937787367-2771787762-275716747-1001	29176
N.A.	2025-04-27 21:39:54	Blocked	location	C:\Program Files (x86)\Microsoft\Edge\Application\msedge.exe	0000f0028865f35deca1f19255d31190ba52e47e128d	00007933ca44ca1fb8a49a40e9f865595cb40000ffff	S-1-5-21-2937787367-2771787762-275716747-1001	29177
N.A.	2025-04-27 21:39:54	Blocked	location	C:\Program Files (x86)\Microsoft\Edge\Application\msedge.exe	0000f0028865f35deca1f19255d31190ba52e47e128d	00007933ca44ca1fb8a49a40e9f865595cb40000ffff	S-1-5-21-2937787367-2771787762-275716747-1001	29178
N.A.	2025-04-27 21:39:54	Blocked	location	C:\Program Files (x86)\Microsoft\Edge\Application\msedge.exe	0000f0028865f35deca1f19255d31190ba52e47e128d	00007933ca44ca1fb8a49a40e9f865595cb40000ffff	S-1-5-21-2937787367-2771787762-275716747-1001	29179
N.A.	2025-04-27 21:39:54	Blocked	location	C:\Program Files (x86)\Microsoft\Edge\Application\msedge.exe	0000f0028865f35deca1f19255d31190ba52e47e128d	00007933ca44ca1fb8a49a40e9f865595cb40000ffff	S-1-5-21-2937787367-2771787762-275716747-1001	29180
N.A.	2025-04-27 21:39:55	Blocked	location	C:\Program Files (x86)\Microsoft\Edge\Application\msedge.exe	0000f0028865f35deca1f19255d31190ba52e47e128d	00007933ca44ca1fb8a49a40e9f865595cb40000ffff	S-1-5-21-2937787367-2771787762-275716747-1001	29181
N.A.	2025-04-29 23:50:46	Blocked	location	C:\Program Files (x86)\Microsoft\Edge\Application\msedge.exe	0000f0028865f35deca1f19255d31190ba52e47e128d	00007933ca44ca1fb8a49a40e9f865595cb40000ffff	S-1-5-21-2937787367-2771787762-275716747-1001	29182
N.A.	2025-04-29 23:50:46	Blocked	location	C:\Program Files (x86)\Microsoft\Edge\Application\msedge.exe	0000f0028865f35deca1f19255d31190ba52e47e128d	00007933ca44ca1fb8a49a40e9f865595cb40000ffff	S-1-5-21-2937787367-2771787762-275716747-1001	29183
N.A.	2025-04-29 23:50:46	Blocked	location	C:\Program Files (x86)\Microsoft\Edge\Application\msedge.exe	0000f0028865f35deca1f19255d31190ba52e47e128d	00007933ca44ca1fb8a49a40e9f865595cb40000ffff	S-1-5-21-2937787367-2771787762-275716747-1001	29184
N.A.	2025-04-29 23:50:46	Blocked	location	C:\Program Files (x86)\Microsoft\Edge\Application\msedge.exe	0000f0028865f35deca1f19255d31190ba52e47e128d	00007933ca44ca1fb8a49a40e9f865595cb40000ffff	S-1-5-21-2937787367-2771787762-275716747-1001	29185
N.A.	2025-04-29 23:50:46	Blocked	location	C:\Program Files (x86)\Microsoft\Edge\Application\msedge.exe	0000f0028865f35deca1f19255d31190ba52e47e128d	00007933ca44ca1fb8a49a40e9f865595cb40000ffff	S-1-5-21-2937787367-2771787762-275716747-1001	29186
N.A.	2025-04-29 23:51:15	Blocked	location	C:\Program Files (x86)\Microsoft\Edge\Application\msedge.exe	0000f0028865f35deca1f19255d31190ba52e47e128d	00007933ca44ca1fb8a49a40e9f865595cb40000ffff	S-1-5-21-2937787367-2771787762-275716747-1001	29187
N.A.	2025-04-30 11:04:57	Blocked	location	C:\Program Files (x86)\Microsoft\Edge\Application\msedge.exe	0000f0028865f35deca1f19255d31190ba52e47e128d	00007933ca44ca1fb8a49a40e9f865595cb40000ffff	S-1-5-21-2937787367-2771787762-275716747-1001	29188
N.A.	2025-04-30 13:41:55	Blocked	location	C:\Program Files\Microsoft Office\root\Office16\POWERPNT.EXE	0000b840dd51b4cfeeec99ac8bd4b766cf1e4e8cc93f	0000e628acb8408a237ac73fd24a09587ef00000ffff	S-1-5-21-2937787367-2771787762-275716747-1001	29189
N.A.	2025-04-30 14:37:20	Blocked	location	C:\Program Files\Microsoft Office\root\Office16\EXCEL.EXE	0000bc384b969fd553f470557916790388c5e27fcad6	0000e628acb8408a237ac73fd24a09587ef00000ffff	S-1-5-21-2937787367-2771787762-275716747-1001	29190
N.A.	2025-04-30 14:37:56	Blocked	location	C:\Program Files (x86)\Microsoft\Edge\Application\msedge.exe	0000f0028865f35deca1f19255d31190ba52e47e128d	00007933ca44ca1fb8a49a40e9f865595cb40000ffff	S-1-5-21-2937787367-2771787762-275716747-1001	29191
N.A.	2025-04-30 15:59:29	Blocked	location	C:\Program Files (x86)\Microsoft\Edge\Application\msedge.exe	0000f0028865f35deca1f19255d31190ba52e47e128d	00007933ca44ca1fb8a49a40e9f865595cb40000ffff	S-1-5-21-2937787367-2771787762-275716747-1001	29192
N.A.	2025-04-30 15:59:29	Blocked	location	C:\Program Files (x86)\Microsoft\Edge\Application\msedge.exe	0000f0028865f35deca1f19255d31190ba52e47e128d	00007933ca44ca1fb8a49a40e9f865595cb40000ffff	S-1-5-21-2937787367-2771787762-275716747-1001	29193
N.A.	2025-04-30 16:03:20	Blocked	location	C:\Program Files (x86)\Microsoft\Edge\Application\msedge.exe	0000f0028865f35deca1f19255d31190ba52e47e128d	00007933ca44ca1fb8a49a40e9f865595cb40000ffff	S-1-5-21-2937787367-2771787762-275716747-1001	29194
N.A.	2025-04-30 16:03:22	Blocked	location	C:\Program Files (x86)\Microsoft\Edge\Application\msedge.exe	0000f0028865f35deca1f19255d31190ba52e47e128d	00007933ca44ca1fb8a49a40e9f865595cb40000ffff	S-1-5-21-2937787367-2771787762-275716747-1001	29195
N.A.	2025-04-30 16:03:49	Blocked	location	C:\Program Files (x86)\Microsoft\Edge\Application\msedge.exe	0000f0028865f35deca1f19255d31190ba52e47e128d	00007933ca44ca1fb8a49a40e9f865595cb40000ffff	S-1-5-21-2937787367-2771787762-275716747-1001	29196
N.A.	2025-04-30 16:04:45	Blocked	location	C:\Program Files (x86)\Microsoft\Edge\Application\msedge.exe	0000f0028865f35deca1f19255d31190ba52e47e128d	00007933ca44ca1fb8a49a40e9f865595cb40000ffff	S-1-5-21-2937787367-2771787762-275716747-1001	29197
N.A.	2025-04-30 16:19:37	Blocked	location	C:\Program Files\Microsoft Office\root\Office16\POWERPNT.EXE	0000b840dd51b4cfeeec99ac8bd4b766cf1e4e8cc93f	0000e628acb8408a237ac73fd24a09587ef00000ffff	S-1-5-21-2937787367-2771787762-275716747-1001	29198
N.A.	2025-04-30 16:51:30	Blocked	location	C:\Program Files (x86)\Microsoft\Edge\Application\msedge.exe	0000f0028865f35deca1f19255d31190ba52e47e128d	00007933ca44ca1fb8a49a40e9f865595cb40000ffff	S-1-5-21-2937787367-2771787762-275716747-1001	29199
N.A.	2025-04-30 16:51:30	Blocked	location	C:\Program Files (x86)\Microsoft\Edge\Application\msedge.exe	0000f0028865f35deca1f19255d31190ba52e47e128d	00007933ca44ca1fb8a49a40e9f865595cb40000ffff	S-1-5-21-2937787367-2771787762-275716747-1001	29200
N.A.	2025-04-30 16:51:30	Blocked	location	C:\Program Files (x86)\Microsoft\Edge\Application\msedge.exe	0000f0028865f35deca1f19255d31190ba52e47e128d	00007933ca44ca1fb8a49a40e9f865595cb40000ffff	S-1-5-21-2937787367-2771787762-275716747-1001	29201
N.A.	2025-04-30 16:51:30	Blocked	location	C:\Program Files (x86)\Microsoft\Edge\Application\msedge.exe	0000f0028865f35deca1f19255d31190ba52e47e128d	00007933ca44ca1fb8a49a40e9f865595cb40000ffff	S-1-5-21-2937787367-2771787762-275716747-1001	29202
N.A.	2025-04-30 16:51:30	Blocked	location	C:\Program Files (x86)\Microsoft\Edge\Application\msedge.exe	0000f0028865f35deca1f19255d31190ba52e47e128d	00007933ca44ca1fb8a49a40e9f865595cb40000ffff	S-1-5-21-2937787367-2771787762-275716747-1001	29203
N.A.	2025-04-30 17:06:41	Blocked	location	C:\Program Files (x86)\Microsoft\Edge\Application\msedge.exe	0000f0028865f35deca1f19255d31190ba52e47e128d	00007933ca44ca1fb8a49a40e9f865595cb40000ffff	S-1-5-21-2937787367-2771787762-275716747-1001	29204
N.A.	2025-04-30 17:06:49	Blocked	location	C:\Program Files (x86)\Microsoft\Edge\Application\msedge.exe	0000f0028865f35deca1f19255d31190ba52e47e128d	00007933ca44ca1fb8a49a40e9f865595cb40000ffff	S-1-5-21-2937787367-2771787762-275716747-1001	29205
N.A.	2025-04-30 17:06:49	Blocked	location	C:\Program Files (x86)\Microsoft\Edge\Application\msedge.exe	0000f0028865f35deca1f19255d31190ba52e47e128d	00007933ca44ca1fb8a49a40e9f865595cb40000ffff	S-1-5-21-2937787367-2771787762-275716747-1001	29206
N.A.	2025-04-30 17:06:49	Blocked	location	C:\Program Files (x86)\Microsoft\Edge\Application\msedge.exe	0000f0028865f35deca1f19255d31190ba52e47e128d	00007933ca44ca1fb8a49a40e9f865595cb40000ffff	S-1-5-21-2937787367-2771787762-275716747-1001	29207
N.A.	2025-04-30 17:06:49	Blocked	location	C:\Program Files (x86)\Microsoft\Edge\Application\msedge.exe	0000f0028865f35deca1f19255d31190ba52e47e128d	00007933ca44ca1fb8a49a40e9f865595cb40000ffff	S-1-5-21-2937787367-2771787762-275716747-1001	29208
N.A.	2025-04-30 17:06:49	Blocked	location	C:\Program Files (x86)\Microsoft\Edge\Application\msedge.exe	0000f0028865f35deca1f19255d31190ba52e47e128d	00007933ca44ca1fb8a49a40e9f865595cb40000ffff	S-1-5-21-2937787367-2771787762-275716747-1001	29209
N.A.	2025-04-30 17:17:22	Blocked	location	C:\Program Files (x86)\Microsoft\Edge\Application\msedge.exe	0000f0028865f35deca1f19255d31190ba52e47e128d	00007933ca44ca1fb8a49a40e9f865595cb40000ffff	S-1-5-21-2937787367-2771787762-275716747-1001	29210
N.A.	2025-04-30 17:18:13	Blocked	location	C:\Program Files (x86)\Microsoft\Edge\Application\msedge.exe	0000f0028865f35deca1f19255d31190ba52e47e128d	00007933ca44ca1fb8a49a40e9f865595cb40000ffff	S-1-5-21-2937787367-2771787762-275716747-1001	29211
N.A.	2025-04-30 17:18:13	Blocked	location	C:\Program Files (x86)\Microsoft\Edge\Application\msedge.exe	0000f0028865f35deca1f19255d31190ba52e47e128d	00007933ca44ca1fb8a49a40e9f865595cb40000ffff	S-1-5-21-2937787367-2771787762-275716747-1001	29212
N.A.	2025-04-30 17:18:13	Blocked	location	C:\Program Files (x86)\Microsoft\Edge\Application\msedge.exe	0000f0028865f35deca1f19255d31190ba52e47e128d	00007933ca44ca1fb8a49a40e9f865595cb40000ffff	S-1-5-21-2937787367-2771787762-275716747-1001	29213
N.A.	2025-04-30 17:18:13	Blocked	location	C:\Program Files (x86)\Microsoft\Edge\Application\msedge.exe	0000f0028865f35deca1f19255d31190ba52e47e128d	00007933ca44ca1fb8a49a40e9f865595cb40000ffff	S-1-5-21-2937787367-2771787762-275716747-1001	29214
N.A.	2025-04-30 17:18:13	Blocked	location	C:\Program Files (x86)\Microsoft\Edge\Application\msedge.exe	0000f0028865f35deca1f19255d31190ba52e47e128d	00007933ca44ca1fb8a49a40e9f865595cb40000ffff	S-1-5-21-2937787367-2771787762-275716747-1001	29215
N.A.	2025-04-30 18:57:30	Blocked	location	C:\Program Files\Microsoft Office\root\Office16\POWERPNT.EXE	0000b840dd51b4cfeeec99ac8bd4b766cf1e4e8cc93f	0000e628acb8408a237ac73fd24a09587ef00000ffff	S-1-5-21-2937787367-2771787762-275716747-1001	29216
N.A.	2025-04-30 20:41:34	Blocked	location	C:\Program Files (x86)\Microsoft\Edge\Application\msedge.exe	0000f0028865f35deca1f19255d31190ba52e47e128d	00007933ca44ca1fb8a49a40e9f865595cb40000ffff	S-1-5-21-2937787367-2771787762-275716747-1001	29217
N.A.	2025-04-30 21:35:24	Blocked	location	C:\Program Files\Microsoft Office\root\Office16\POWERPNT.EXE	0000b840dd51b4cfeeec99ac8bd4b766cf1e4e8cc93f	0000e628acb8408a237ac73fd24a09587ef00000ffff	S-1-5-21-2937787367-2771787762-275716747-1001	29218
N.A.	2025-04-30 22:46:16	Blocked	location	C:\Program Files (x86)\Microsoft\Edge\Application\msedge.exe	0000f0028865f35deca1f19255d31190ba52e47e128d	00007933ca44ca1fb8a49a40e9f865595cb40000ffff	S-1-5-21-2937787367-2771787762-275716747-1001	29219
N.A.	2025-04-30 22:46:16	Blocked	location	C:\Program Files (x86)\Microsoft\Edge\Application\msedge.exe	0000f0028865f35deca1f19255d31190ba52e47e128d	00007933ca44ca1fb8a49a40e9f865595cb40000ffff	S-1-5-21-2937787367-2771787762-275716747-1001	29220
N.A.	2025-04-30 22:46:16	Blocked	location	C:\Program Files (x86)\Microsoft\Edge\Application\msedge.exe	0000f0028865f35deca1f19255d31190ba52e47e128d	00007933ca44ca1fb8a49a40e9f865595cb40000ffff	S-1-5-21-2937787367-2771787762-275716747-1001	29221
N.A.	2025-04-30 22:46:16	Blocked	location	C:\Program Files (x86)\Microsoft\Edge\Application\msedge.exe	0000f0028865f35deca1f19255d31190ba52e47e128d	00007933ca44ca1fb8a49a40e9f865595cb40000ffff	S-1-5-21-2937787367-2771787762-275716747-1001	29222
N.A.	2025-04-30 22:46:16	Blocked	location	C:\Program Files (x86)\Microsoft\Edge\Application\msedge.exe	0000f0028865f35deca1f19255d31190ba52e47e128d	00007933ca44ca1fb8a49a40e9f865595cb40000ffff	S-1-5-21-2937787367-2771787762-275716747-1001	29223
N.A.	2025-05-01 00:12:58	Blocked	location	C:\Program Files\Microsoft Office\root\Office16\POWERPNT.EXE	0000b840dd51b4cfeeec99ac8bd4b766cf1e4e8cc93f	0000e628acb8408a237ac73fd24a09587ef00000ffff	S-1-5-21-2937787367-2771787762-275716747-1001	29224
N.A.	2025-05-01 16:12:47	Blocked	location	C:\Program Files\Microsoft Office\root\Office16\POWERPNT.EXE	0000b840dd51b4cfeeec99ac8bd4b766cf1e4e8cc93f	0000e628acb8408a237ac73fd24a09587ef00000ffff	S-1-5-21-2937787367-2771787762-275716747-1001	29225
N.A.	2025-05-01 16:12:55	Blocked	location	C:\Program Files (x86)\Microsoft\Edge\Application\msedge.exe	0000f0028865f35deca1f19255d31190ba52e47e128d	00007933ca44ca1fb8a49a40e9f865595cb40000ffff	S-1-5-21-2937787367-2771787762-275716747-1001	29226
N.A.	2025-05-01 16:17:54	Blocked	location	C:\Program Files (x86)\Microsoft\Edge\Application\msedge.exe	0000f0028865f35deca1f19255d31190ba52e47e128d	00007933ca44ca1fb8a49a40e9f865595cb40000ffff	S-1-5-21-2937787367-2771787762-275716747-1001	29227
N.A.	2025-05-01 16:18:44	Blocked	location	C:\Program Files (x86)\Microsoft\Edge\Application\msedge.exe	0000f0028865f35deca1f19255d31190ba52e47e128d	00007933ca44ca1fb8a49a40e9f865595cb40000ffff	S-1-5-21-2937787367-2771787762-275716747-1001	29228
N.A.	2025-05-01 16:38:47	Blocked	location	C:\Program Files (x86)\Microsoft\Edge\Application\msedge.exe	0000f0028865f35deca1f19255d31190ba52e47e128d	00007933ca44ca1fb8a49a40e9f865595cb40000ffff	S-1-5-21-2937787367-2771787762-275716747-1001	29229
N.A.	2025-05-01 16:40:40	Blocked	location	C:\Program Files (x86)\Microsoft\Edge\Application\msedge.exe	0000f0028865f35deca1f19255d31190ba52e47e128d	00007933ca44ca1fb8a49a40e9f865595cb40000ffff	S-1-5-21-2937787367-2771787762-275716747-1001	29230
N.A.	2025-05-01 16:40:40	Blocked	location	C:\Program Files (x86)\Microsoft\Edge\Application\msedge.exe	0000f0028865f35deca1f19255d31190ba52e47e128d	00007933ca44ca1fb8a49a40e9f865595cb40000ffff	S-1-5-21-2937787367-2771787762-275716747-1001	29231
N.A.	2025-05-01 16:40:40	Blocked	location	C:\Program Files (x86)\Microsoft\Edge\Application\msedge.exe	0000f0028865f35deca1f19255d31190ba52e47e128d	00007933ca44ca1fb8a49a40e9f865595cb40000ffff	S-1-5-21-2937787367-2771787762-275716747-1001	29232
N.A.	2025-05-01 16:40:40	Blocked	location	C:\Program Files (x86)\Microsoft\Edge\Application\msedge.exe	0000f0028865f35deca1f19255d31190ba52e47e128d	00007933ca44ca1fb8a49a40e9f865595cb40000ffff	S-1-5-21-2937787367-2771787762-275716747-1001	29233
N.A.	2025-05-01 16:40:40	Blocked	location	C:\Program Files (x86)\Microsoft\Edge\Application\msedge.exe	0000f0028865f35deca1f19255d31190ba52e47e128d	00007933ca44ca1fb8a49a40e9f865595cb40000ffff	S-1-5-21-2937787367-2771787762-275716747-1001	29234
N.A.	2025-05-01 17:30:34	Blocked	location	C:\Program Files (x86)\Microsoft\Edge\Application\msedge.exe	0000f0028865f35deca1f19255d31190ba52e47e128d	00007933ca44ca1fb8a49a40e9f865595cb40000ffff	S-1-5-21-2937787367-2771787762-275716747-1001	29235
N.A.	2025-05-01 17:30:34	Blocked	location	C:\Program Files (x86)\Microsoft\Edge\Application\msedge.exe	0000f0028865f35deca1f19255d31190ba52e47e128d	00007933ca44ca1fb8a49a40e9f865595cb40000ffff	S-1-5-21-2937787367-2771787762-275716747-1001	29236
N.A.	2025-05-01 17:30:34	Blocked	location	C:\Program Files (x86)\Microsoft\Edge\Application\msedge.exe	0000f0028865f35deca1f19255d31190ba52e47e128d	00007933ca44ca1fb8a49a40e9f865595cb40000ffff	S-1-5-21-2937787367-2771787762-275716747-1001	29237
N.A.	2025-05-01 17:30:34	Blocked	location	C:\Program Files (x86)\Microsoft\Edge\Application\msedge.exe	0000f0028865f35deca1f19255d31190ba52e47e128d	00007933ca44ca1fb8a49a40e9f865595cb40000ffff	S-1-5-21-2937787367-2771787762-275716747-1001	29238
N.A.	2025-05-01 17:30:34	Blocked	location	C:\Program Files (x86)\Microsoft\Edge\Application\msedge.exe	0000f0028865f35deca1f19255d31190ba52e47e128d	00007933ca44ca1fb8a49a40e9f865595cb40000ffff	S-1-5-21-2937787367-2771787762-275716747-1001	29239
N.A.	2025-05-01 17:36:22	Blocked	location	C:\Program Files (x86)\Microsoft\Edge\Application\msedge.exe	0000f0028865f35deca1f19255d31190ba52e47e128d	00007933ca44ca1fb8a49a40e9f865595cb40000ffff	S-1-5-21-2937787367-2771787762-275716747-1001	29240
N.A.	2025-05-01 17:36:22	Blocked	location	C:\Program Files (x86)\Microsoft\Edge\Application\msedge.exe	0000f0028865f35deca1f19255d31190ba52e47e128d	00007933ca44ca1fb8a49a40e9f865595cb40000ffff	S-1-5-21-2937787367-2771787762-275716747-1001	29241
N.A.	2025-05-01 17:36:22	Blocked	location	C:\Program Files (x86)\Microsoft\Edge\Application\msedge.exe	0000f0028865f35deca1f19255d31190ba52e47e128d	00007933ca44ca1fb8a49a40e9f865595cb40000ffff	S-1-5-21-2937787367-2771787762-275716747-1001	29242
N.A.	2025-05-01 17:36:22	Blocked	location	C:\Program Files (x86)\Microsoft\Edge\Application\msedge.exe	0000f0028865f35deca1f19255d31190ba52e47e128d	00007933ca44ca1fb8a49a40e9f865595cb40000ffff	S-1-5-21-2937787367-2771787762-275716747-1001	29243
N.A.	2025-05-01 17:36:22	Blocked	location	C:\Program Files (x86)\Microsoft\Edge\Application\msedge.exe	0000f0028865f35deca1f19255d31190ba52e47e128d	00007933ca44ca1fb8a49a40e9f865595cb40000ffff	S-1-5-21-2937787367-2771787762-275716747-1001	29244
